T_REC,HARPNUM,NOAA_NUM,NOAA_ARS,NOAA_AR,QUALITY,TOTUSJH,TOTUSJZ,SAVNCPP,USFLUX,ABSNJZH,TOTPOT,SIZE_ACR,NACR,MEANPOT,SIZE,MEANJZH,SHRGT45,MEANSHR,MEANJZD,MEANALP,MEANGBT,MEANGBL,MEANGAM,MEANGBZ,MEANGBH,NPIX
2025.07.11_18:48:00_TAI,13446,4,"13130,14130,14132,14134",14130,0,210.887,2965059000000.0,1940303000000.0,5.2528e+21,21.477,2.268288e+22,60.127686,663,2984.433,1075.224487,-0.00375276,1.415,16.791,-0.62409884,-0.00689596,75.938,9.564,21.176,88.46,34.224,11856
2025.07.11_19:00:00_TAI,13446,4,"13130,14130,14132,14134",14130,0,199.033,2806628000000.0,1140689000000.0,5.222094e+21,22.192,1.942829e+22,63.482918,700,2600.292,1059.529907,-0.0039446,0.107,16.247,-0.37323076,-0.00714143,70.608,9.551,21.273,75.677,34.0,11683
2025.07.11_19:12:00_TAI,13446,4,"13130,14130,14132,14134",14130,0,212.709,3038103000000.0,1632421000000.0,5.150324e+21,17.663,2.336658e+22,59.764431,659,3177.664,1048.008789,-0.00319002,1.553,17.124,-0.54271132,-0.00571563,79.484,9.535,21.146,93.355,36.168,11556
2025.07.11_19:24:00_TAI,13446,4,"13130,14130,14132,14134",14130,0,197.54,2953404000000.0,1719912000000.0,5.073271e+21,9.566,2.827129e+22,59.038807,651,3860.001,1034.040649,-0.00173455,3.699,19.08,-0.57408023,-0.00313424,89.239,9.507,22.137,110.149,36.571,11402
2025.07.11_19:36:00_TAI,13446,4,"13130,14130,14132,14134",14130,0,213.513,3131966000000.0,1365832000000.0,5.109119e+21,3.878,3.154743e+22,61.850159,682,4244.96,1018.713806,-0.00069304,2.859,19.138,-0.44929519,-0.00127981,84.078,9.451,22.341,107.74,35.891,11233
2025.07.11_19:48:00_TAI,13446,4,"13130,14130,14132,14134",14130,0,211.441,2990613000000.0,1914017000000.0,5.005737e+21,20.766,2.798014e+22,60.308506,665,3927.059,1006.290527,-0.00387055,2.516,18.315,-0.65673113,-0.00684875,85.37,9.342,21.597,107.006,35.714,11096
2025.07.11_20:00:00_TAI,13446,4,"13130,14130,14132,14134",14130,0,183.241,2579012000000.0,1072579000000.0,5.110215e+21,18.865,2.466152e+22,62.666603,691,3401.062,993.778015,-0.0034551,1.062,17.422,-0.36161548,-0.00608318,76.291,9.442,21.84,90.555,33.488,10958
2025.07.11_20:12:00_TAI,13446,4,"13130,14130,14132,14134",14130,0,212.464,2973558000000.0,1457662000000.0,5.111417e+21,4.938,2.435828e+22,60.853062,671,3337.239,979.997253,-0.00089853,1.001,17.767,-0.48822367,-0.0016131,70.347,9.302,22.322,75.124,33.585,10806
2025.07.11_20:24:00_TAI,13446,4,"13130,14130,14132,14134",14130,0,210.985,3025900000000.0,1399886000000.0,5.010368e+21,20.706,2.823294e+22,60.672024,669,3902.171,965.855103,0.0038007,3.286,18.98,-0.47300056,0.00687799,89.465,10.035,21.813,109.968,34.447,10650
2025.07.11_20:36:00_TAI,13446,4,"13130,14130,14132,14134",14130,0,204.411,2936407000000.0,1430948000000.0,5.070979e+21,19.8,2.918474e+22,60.581764,668,4005.782,946.816772,0.00360924,2.57,18.779,-0.48014352,0.00651996,86.633,10.014,21.966,106.285,34.503,10440
2025.07.11_20:48:00_TAI,13446,4,"13130,14130,14132,14134",14130,0,200.917,2936070000000.0,1779595000000.0,4.853606e+21,17.052,2.970708e+22,59.403286,655,4286.898,929.230652,0.00326791,3.565,19.289,-0.62779295,0.00586818,87.577,10.743,22.2,112.12,35.062,10246
2025.07.11_21:00:00_TAI,13446,4,"13130,14130,14132,14134",14130,0,177.495,2510887000000.0,1564956000000.0,4.870983e+21,7.353,2.582441e+22,58.224869,642,3775.08,912.280334,0.00142747,1.805,18.268,-0.55924958,0.00250328,79.393,11.575,21.59,94.747,32.906,10059
2025.07.11_21:12:00_TAI,13446,4,"13130,14130,14132,14134",14130,0,187.611,2716739000000.0,1566084000000.0,4.818134e+21,11.362,2.771811e+22,56.230488,620,4080.425,892.613647,0.00222134,2.581,18.932,-0.56358504,0.00391577,86.279,11.941,21.547,108.533,33.079,9842
2025.07.11_21:24:00_TAI,13446,4,"13130,14130,14132,14134",14130,0,190.974,2628860000000.0,1338397000000.0,4.77778e+21,2.45,2.570008e+22,55.687031,614,3793.731,875.392822,-0.00048033,2.0,18.426,-0.48296362,-0.00085908,78.701,13.452,21.791,96.733,32.165,9652
2025.07.11_21:36:00_TAI,13446,4,"13130,14130,14132,14134",14130,0,199.661,2874528000000.0,1793365000000.0,4.793568e+21,24.422,2.874089e+22,56.59478,624,4221.087,857.265808,0.00476344,3.238,19.385,-0.64384866,0.00843142,89.896,15.021,22.096,113.048,32.973,9452
2025.07.11_21:48:00_TAI,13446,4,"13130,14130,14132,14134",14130,0,184.53,2617305000000.0,1310957000000.0,4.688376e+21,1.049,2.491413e+22,53.602608,591,3761.782,840.136963,-0.00021027,2.727,18.966,-0.48386124,-0.00037006,81.213,14.455,22.272,98.352,32.759,9263
2025.07.11_22:00:00_TAI,13446,4,"13130,14130,14132,14134",14130,0,175.402,2470470000000.0,964037200000.0,4.613855e+21,8.136,2.346748e+22,47.25452,521,3602.589,823.734253,0.00165879,2.732,18.367,-0.3617591,0.00290194,84.808,14.859,22.179,100.093,33.497,9082
2025.07.11_22:12:00_TAI,13446,4,"13130,14130,14132,14134",14130,0,212.385,3030035000000.0,1398990000000.0,4.537235e+21,15.338,2.565795e+22,48.253265,532,3984.346,802.437256,0.00316321,4.166,19.091,-0.53103048,0.00549515,101.996,14.922,21.806,123.074,38.094,8847
2025.07.11_22:24:00_TAI,13446,4,"13130,14130,14132,14134",14130,0,193.377,2785965000000.0,1254534000000.0,4.215444e+21,15.353,2.259149e+22,48.888905,539,3776.047,781.85968,0.00340793,4.018,18.697,-0.51255012,0.00594635,97.821,15.746,21.479,116.962,38.54,8620
2025.07.11_22:36:00_TAI,13446,4,"13130,14130,14132,14134",14130,0,181.951,2685687000000.0,1222249000000.0,3.957368e+21,7.189,2.104928e+22,47.620014,525,3709.298,763.915771,0.00168235,3.627,18.31,-0.52646196,0.00298601,99.238,15.819,21.434,116.681,40.067,8422
2025.07.11_22:48:00_TAI,13446,4,"13130,14130,14132,14134",14130,0,157.283,2339691000000.0,672421800000.0,3.911009e+21,14.259,1.758345e+22,44.809288,494,3155.411,743.162964,-0.00339916,2.717,18.106,-0.29494235,-0.00602882,86.873,12.442,22.086,94.639,39.396,8193
2025.07.11_23:00:00_TAI,13446,4,"13130,14130,14132,14134",14130,0,168.064,2481222000000.0,1044446000000.0,3.637428e+21,7.92,1.851541e+22,41.635456,459,3552.969,722.860474,-0.00201843,3.644,18.333,-0.48986712,-0.00359248,93.239,11.968,21.69,109.203,42.557,7969
2025.07.11_23:12:00_TAI,13446,4,"13130,14130,14132,14134",14130,0,152.903,2329908000000.0,1216958000000.0,3.383987e+21,0.272,1.796792e+22,42.815655,472,3663.581,703.10199,7.367e-05,4.278,18.767,-0.60646778,0.00013429,95.497,11.99,22.065,112.055,42.032,7751
2025.07.11_23:24:00_TAI,13446,4,"13130,14130,14132,14134",14130,0,143.928,2135045000000.0,580454000000.0,3.395257e+21,17.359,1.590985e+22,41.546684,458,3229.084,685.883179,-0.00467885,2.938,18.357,-0.28793535,-0.00863078,79.831,11.276,22.531,92.631,38.83,7561
2025.07.11_23:36:00_TAI,13446,4,"13130,14130,14132,14134",14130,0,122.771,1830911000000.0,850213000000.0,3.297403e+21,23.314,1.222383e+22,42.817722,472,2573.213,668.754761,-0.00651768,2.572,17.439,-0.25900626,-0.01186794,75.199,9.781,21.687,80.431,38.521,7372
2025.07.11_23:48:00_TAI,13446,4,"13130,14130,14132,14134",14130,0,128.159,1901237000000.0,603929500000.0,3.031147e+21,16.731,1.49433e+22,45.268185,499,3468.589,651.444519,-0.00515763,3.298,17.707,-0.34259805,-0.00917686,89.212,11.146,21.245,111.669,40.527,7181
2025.07.12_00:00:00_TAI,13446,4,"13130,14130,14132,14134",14130,0,114.483,1746070000000.0,560310400000.0,2.843285e+21,9.911,1.362314e+22,47.265011,521,3291.0,635.129272,-0.00317971,3.529,17.617,-0.33079588,-0.00589981,87.354,14.897,20.994,107.871,40.959,7001
2025.07.10_18:48:00_TAI,13446,4,"13130,14130,14132,14134",14130,0,711.47,11032720000000.0,3576699000000.0,1.58718e+22,20.659,4.608762e+22,410.304871,4524,1857.583,7480.445801,0.00110584,0.6,15.934,-0.35240474,0.00244083,90.794,14.12,20.332,94.619,35.013,82479
2025.07.10_19:00:00_TAI,13446,4,"13130,14130,14132,14134",14130,0,694.594,10418270000000.0,3536393000000.0,1.58004e+22,11.154,4.221962e+22,403.500763,4449,1723.92,7420.731934,0.00060484,0.174,15.589,-0.35298875,0.00131098,90.314,14.101,20.068,92.284,35.083,81821
2025.07.10_19:12:00_TAI,13446,4,"13130,14130,14132,14134",14130,4096,677.188,10234180000000.0,2635107000000.0,1.574721e+22,7.933,4.158215e+22,397.968597,4388,1697.338,7350.266113,0.00043002,0.173,15.509,-0.2629413,0.00093722,90.548,14.068,20.163,92.646,34.797,81044
2025.07.10_19:24:00_TAI,13446,4,"13130,14130,14132,14134",14130,4096,665.051,10029390000000.0,2953882000000.0,1.551867e+22,5.205,3.992161e+22,402.230499,4435,1652.308,7290.484375,0.0002861,0.148,15.398,-0.29886568,0.00062417,89.939,14.033,20.192,91.721,34.788,80385
2025.07.10_19:36:00_TAI,13446,4,"13130,14130,14132,14134",14130,4096,668.641,10178360000000.0,4038229000000.0,1.553915e+22,5.319,4.044913e+22,401.775269,4430,1671.293,7232.952148,0.00029186,0.307,15.528,-0.40788195,0.00063731,90.147,13.991,20.201,92.221,35.275,79751
2025.07.10_19:48:00_TAI,13446,4,"13130,14130,14132,14134",14130,4096,675.465,10213910000000.0,3814438000000.0,1.566645e+22,2.672,4.050152e+22,404.133759,4456,1660.61,7172.285645,-0.00014549,0.18,15.451,-0.38231957,-0.00031787,90.161,14.011,20.112,91.946,34.725,79082
2025.07.10_20:00:00_TAI,13446,4,"13130,14130,14132,14134",14130,4096,660.151,9949614000000.0,3229562000000.0,1.55928e+22,12.384,4.017775e+22,405.404541,4470,1655.992,7110.269531,0.00067785,0.12,15.432,-0.32539782,0.00147989,90.556,14.018,20.09,92.311,34.22,78398
2025.07.10_20:12:00_TAI,13446,4,"13130,14130,14132,14134",14130,4096,672.663,10213420000000.0,3497388000000.0,1.573361e+22,18.803,4.055682e+22,397.787811,4386,1644.875,7050.530762,0.00101278,0.145,15.558,-0.34674433,0.0022366,90.434,13.934,20.215,91.987,34.003,77739
2025.07.10_20:24:00_TAI,13446,4,"13130,14130,14132,14134",14130,4096,682.847,10322190000000.0,3620989000000.0,1.557231e+22,15.228,4.117211e+22,380.378021,4194,1688.013,6977.950684,0.00082912,0.305,15.755,-0.36290592,0.00182714,91.198,13.946,20.415,92.858,34.382,76938
2025.07.10_20:36:00_TAI,13446,4,"13130,14130,14132,14134",14130,4096,707.162,10724900000000.0,4012122000000.0,1.576742e+22,17.792,4.208018e+22,385.731781,4253,1707.854,6908.163574,0.00095896,0.156,15.862,-0.39805081,0.00210611,91.168,14.002,20.404,92.553,34.73,76168
2025.07.10_20:48:00_TAI,13446,4,"13130,14130,14132,14134",14130,0,722.948,10960150000000.0,4243102000000.0,1.587206e+22,20.816,4.317583e+22,378.116516,4169,1744.423,6818.794922,0.00111705,0.188,15.983,-0.41906577,0.0024406,91.816,13.981,20.424,93.538,34.506,75182
2025.07.10_21:00:00_TAI,13446,4,"13130,14130,14132,14134",14130,0,722.196,10949810000000.0,4815940000000.0,1.590983e+22,17.162,4.315194e+22,365.694611,4032,1734.894,6746.394531,0.00091633,0.133,16.027,-0.47330061,0.00201066,90.524,13.965,20.4,91.889,33.941,74383
2025.07.10_21:12:00_TAI,13446,4,"13130,14130,14132,14134",14130,0,724.795,11097490000000.0,5450275000000.0,1.60645e+22,19.73,4.386986e+22,371.775574,4099,1742.637,6663.208984,0.00104084,0.164,16.091,-0.52922136,0.00229624,90.091,13.993,20.341,91.479,34.042,73465
2025.07.10_21:24:00_TAI,13446,4,"13130,14130,14132,14134",14130,0,723.21,11136040000000.0,4984453000000.0,1.618859e+22,24.081,4.374022e+22,362.893097,4001,1710.418,6578.061035,0.00125057,0.197,16.12,-0.47644371,0.00279799,89.018,13.945,20.296,90.397,33.188,72525
2025.07.10_21:36:00_TAI,13446,4,"13130,14130,14132,14134",14130,0,714.894,11038330000000.0,4455100000000.0,1.602824e+22,21.243,4.311851e+22,359.359375,3962,1697.655,6495.951172,0.00111086,0.173,16.091,-0.42875573,0.00250119,88.053,13.859,20.31,89.575,32.971,71619
2025.07.10_21:48:00_TAI,13446,4,"13130,14130,14132,14134",14130,0,709.206,11114360000000.0,4923809000000.0,1.595124e+22,29.781,4.35519e+22,351.021576,3870,1711.408,6420.883301,0.00155415,0.344,16.224,-0.47294188,0.00354905,86.796,13.829,20.452,88.805,32.907,70790
2025.07.10_22:00:00_TAI,13446,4,"13130,14130,14132,14134",14130,0,685.616,10740480000000.0,4866939000000.0,1.586385e+22,27.376,4.304288e+22,348.396942,3841,1694.678,6342.257324,0.00143145,0.282,16.242,-0.46837598,0.00328805,85.2,13.765,20.503,86.857,32.398,69922
2025.07.10_22:12:00_TAI,13446,4,"13130,14130,14132,14134",14130,0,665.36,10413980000000.0,4571003000000.0,1.569446e+22,21.823,4.207217e+22,334.615753,3689,1671.316,6269.441895,0.0011513,0.264,16.106,-0.44383377,0.00265585,84.662,13.717,20.456,86.306,32.702,69118
2025.07.10_22:24:00_TAI,13446,4,"13130,14130,14132,14134",14130,0,698.327,11033400000000.0,4091243000000.0,1.561283e+22,10.959,4.551369e+22,328.544617,3622,1807.839,6201.891602,0.00057813,0.649,16.065,-0.39720067,0.00134472,87.196,13.622,20.232,91.556,33.212,68372
2025.07.10_22:36:00_TAI,13446,4,"13130,14130,14132,14134",14130,0,705.734,11039030000000.0,4397094000000.0,1.552032e+22,14.964,4.422177e+22,318.211487,3508,1761.354,6124.936035,0.00079163,0.476,15.879,-0.42806011,0.00185411,86.798,13.6,20.136,91.034,33.252,67522
2025.07.10_22:48:00_TAI,13446,4,"13130,14130,14132,14134",14130,0,668.844,10534850000000.0,3849364000000.0,1.532507e+22,1.99,4.40564e+22,314.859314,3471,1765.789,6054.986816,0.00010594,0.506,15.925,-0.37708408,0.00025149,85.554,13.55,20.166,89.821,33.025,66750
2025.07.10_23:00:00_TAI,13446,4,"13130,14130,14132,14134",14130,0,664.13,10522680000000.0,3656170000000.0,1.510716e+22,18.189,4.20623e+22,308.337311,3399,1701.717,5971.620117,0.00097727,0.607,15.839,-0.36151835,0.00233777,84.923,13.631,20.206,88.761,32.813,65829
2025.07.10_23:12:00_TAI,13446,4,"13130,14130,14132,14134",14130,4096,653.615,10567960000000.0,3527485000000.0,1.498404e+22,16.956,4.32512e+22,304.170197,3353,1750.757,5891.267578,0.00091156,0.71,15.984,-0.34897369,0.00221119,84.318,13.546,20.212,88.936,32.595,64942
2025.07.10_23:24:00_TAI,13446,4,"13130,14130,14132,14134",14130,4096,634.611,10170860000000.0,2862382000000.0,1.479763e+22,25.456,4.114671e+22,297.465454,3279,1698.626,5808.786621,0.00139582,0.57,15.758,-0.28878829,0.00334573,84.887,13.477,20.059,88.837,32.523,64031
2025.07.10_23:36:00_TAI,13446,4,"13130,14130,14132,14134",14130,0,634.43,10075960000000.0,2609318000000.0,1.448282e+22,29.465,4.053643e+22,300.647949,3314,1707.507,5728.913086,0.00164832,0.694,15.664,-0.2481579,0.00396744,83.854,13.475,20.121,87.859,32.927,63149
2025.07.10_23:48:00_TAI,13446,4,"13130,14130,14132,14134",14130,0,613.924,9755300000000.0,2325415000000.0,1.437656e+22,19.723,3.796654e+22,290.585297,3203,1603.382,5650.945312,0.0011062,0.398,15.553,-0.23999624,0.00268431,83.301,13.423,20.229,86.398,33.052,62288
2025.07.11_00:00:00_TAI,13446,4,"13130,14130,14132,14134",14130,0,608.41,9738201000000.0,2066794000000.0,1.43562e+22,13.041,3.962105e+22,288.870178,3184,1670.163,5576.899902,0.00073011,0.588,15.704,-0.16845393,0.00178297,83.044,13.334,20.285,87.083,32.809,61470
2025.07.11_00:12:00_TAI,13446,4,"13130,14130,14132,14134",14130,0,594.427,9427357000000.0,2145698000000.0,1.427545e+22,13.533,3.930662e+22,287.789062,3172,1670.469,5505.462891,0.00076387,0.497,15.629,-0.2228366,0.0018574,81.925,13.319,20.213,86.06,32.741,60681
2025.07.11_00:24:00_TAI,13446,4,"13130,14130,14132,14134",14130,0,578.509,9198792000000.0,2697608000000.0,1.393023e+22,12.948,3.826765e+22,281.263123,3100,1671.115,5434.819824,0.00075096,0.597,15.489,-0.28786367,0.00181545,81.631,13.213,20.093,85.852,32.575,59901
2025.07.11_00:36:00_TAI,13446,4,"13130,14130,14132,14134",14130,0,567.357,9121842000000.0,2908279000000.0,1.395608e+22,18.453,3.736535e+22,270.56546,2982,1615.504,5365.48877,0.00105961,0.517,15.48,-0.30725336,0.00260304,81.076,13.141,20.095,84.758,32.362,59135
2025.07.11_00:48:00_TAI,13446,4,"13130,14130,14132,14134",14130,0,562.798,9069922000000.0,3374344000000.0,1.384501e+22,31.108,3.599872e+22,263.766724,2907,1573.31,5293.663086,0.00180589,0.621,15.456,-0.36035153,0.00441688,80.551,13.139,20.137,84.129,32.136,58342
2025.07.11_01:00:00_TAI,13446,4,"13130,14130,14132,14134",14130,0,565.298,8980889000000.0,2607503000000.0,1.385557e+22,23.576,3.706853e+22,257.877197,2842,1609.324,5224.508301,0.0013593,0.536,15.528,-0.27660525,0.00336221,79.206,13.04,20.209,83.108,31.858,57578
2025.07.11_01:12:00_TAI,13446,4,"13130,14130,14132,14134",14130,0,569.259,9209924000000.0,2735926000000.0,1.389998e+22,28.782,3.5738e+22,255.162247,2812,1542.046,5154.785156,0.00164942,0.59,15.521,-0.28844079,0.00409286,78.094,12.918,20.081,81.367,31.892,56808
2025.07.11_01:24:00_TAI,13446,4,"13130,14130,14132,14134",14130,0,554.542,8971032000000.0,2326510000000.0,1.376804e+22,30.178,3.566659e+22,251.539734,2772,1551.59,5087.78125,0.00174359,0.572,15.484,-0.24728243,0.00434935,76.796,13.017,20.064,80.322,31.433,56068
2025.07.11_01:36:00_TAI,13446,4,"13130,14130,14132,14134",14130,0,533.092,8712382000000.0,1685416000000.0,1.377044e+22,22.743,3.518129e+22,256.174866,2823,1529.065,5017.597168,0.00131279,0.687,15.541,-0.17897069,0.00328156,76.323,13.086,20.199,80.054,30.976,55293
2025.07.11_01:48:00_TAI,13446,4,"13130,14130,14132,14134",14130,0,532.44,8603717000000.0,2804514000000.0,1.348811e+22,37.606,3.466662e+22,243.385651,2682,1551.471,4939.041016,0.00223528,0.553,15.412,-0.19338082,0.00550322,77.059,12.899,20.116,80.57,31.405,54426
2025.07.11_02:00:00_TAI,13446,4,"13130,14130,14132,14134",14130,0,520.471,8346004000000.0,2086894000000.0,1.346444e+22,30.515,3.39939e+22,238.310486,2626,1528.085,4879.466309,0.00182168,0.657,15.326,-0.20117402,0.00446015,76.431,12.858,20.182,79.79,31.526,53768
2025.07.11_02:12:00_TAI,13446,4,"13130,14130,14132,14134",14130,0,557.385,8722961000000.0,2695254000000.0,1.369276e+22,9.5,3.49794e+22,241.131439,2657,1547.624,4815.731445,0.00055824,0.564,15.192,-0.29132456,0.00136454,77.872,12.937,19.989,81.178,31.687,53064
2025.07.11_02:24:00_TAI,13446,4,"13130,14130,14132,14134",14130,0,553.325,8802003000000.0,2360626000000.0,1.357159e+22,10.616,3.663366e+22,238.324677,2626,1640.479,4755.330566,0.00063131,0.743,15.436,-0.25824371,0.00153555,78.298,12.895,20.037,82.65,31.85,52397
2025.07.11_02:36:00_TAI,13446,4,"13130,14130,14132,14134",14130,0,538.223,8620682000000.0,1994269000000.0,1.361722e+22,20.554,3.635105e+22,232.612488,2563,1617.436,4684.015137,0.00121465,0.851,15.515,-0.21676734,0.00296595,77.179,12.936,20.097,81.733,31.713,51610
2025.07.11_02:48:00_TAI,13446,4,"13130,14130,14132,14134",14130,0,537.315,8497848000000.0,2392997000000.0,1.353091e+22,13.362,3.621842e+22,234.9785,2589,1635.208,4618.884277,0.00080118,0.726,15.27,-0.26392114,0.00192262,77.827,12.968,20.015,82.15,31.704,50891
2025.07.11_03:00:00_TAI,13446,4,"13130,14130,14132,14134",14130,0,562.509,8802892000000.0,2443940000000.0,1.347903e+22,20.093,3.639045e+22,231.989532,2556,1660.598,4558.194824,0.00121771,0.655,15.235,-0.27242365,0.00288389,78.88,13.059,19.972,83.136,32.262,50221
2025.07.11_03:12:00_TAI,13446,4,"13130,14130,14132,14134",14130,0,537.103,8394525000000.0,2357248000000.0,1.34307e+22,4.802,3.635476e+22,231.269394,2548,1669.593,4500.131836,0.00029289,0.738,15.132,-0.26443607,0.00069073,78.257,13.026,19.955,82.981,32.316,49580
2025.07.11_03:24:00_TAI,13446,4,"13130,14130,14132,14134",14130,0,523.029,8197893000000.0,1864639000000.0,1.342512e+22,27.149,3.322755e+22,222.652298,2453,1527.747,4441.700195,0.00165772,0.403,15.064,-0.17946018,0.00389917,76.717,13.033,19.858,80.129,31.991,48935
2025.07.11_03:36:00_TAI,13446,4,"13130,14130,14132,14134",14130,0,531.217,8316711000000.0,1666260000000.0,1.35849e+22,21.315,3.415985e+22,215.21463,2371,1548.114,4383.353027,0.0012829,0.548,15.039,-0.16872939,0.0030288,77.031,12.876,19.814,80.576,31.657,48291
2025.07.11_03:48:00_TAI,13446,4,"13130,14130,14132,14134",14130,0,542.327,8449919000000.0,2397386000000.0,1.348365e+22,7.956,3.700663e+22,207.866379,2290,1697.15,4322.53125,0.00048459,0.682,15.132,-0.26854238,0.00113549,78.799,12.83,19.86,83.288,31.782,47620
2025.07.11_04:00:00_TAI,13446,4,"13130,14130,14132,14134",14130,0,553.067,8632937000000.0,2853038000000.0,1.3516e+22,10.108,3.67652e+22,208.688065,2299,1685.154,4270.071777,0.00061535,0.724,15.056,-0.31939965,0.00143432,79.358,12.796,19.816,83.835,32.345,47041
2025.07.11_04:12:00_TAI,13446,4,"13130,14130,14132,14134",14130,0,543.512,8386254000000.0,1308496000000.0,1.349535e+22,22.465,3.400576e+22,208.601852,2298,1572.844,4213.249023,0.00137988,0.614,14.84,-0.10512389,0.00317196,77.887,12.711,19.665,81.569,31.749,46414
2025.07.11_04:24:00_TAI,13446,4,"13130,14130,14132,14134",14130,0,552.366,8537887000000.0,1058112000000.0,1.345393e+22,16.244,3.528877e+22,205.519775,2264,1639.942,4156.146973,0.00100254,0.574,15.121,-0.1141884,0.00229479,77.913,12.661,19.757,81.257,31.876,45784
2025.07.11_04:36:00_TAI,13446,4,"13130,14130,14132,14134",14130,0,568.405,8805226000000.0,1763189000000.0,1.361272e+22,29.602,3.555668e+22,206.523224,2275,1622.648,4087.979736,0.00179414,0.673,15.193,-0.17753817,0.00415108,78.413,12.604,19.835,81.592,31.906,45032
2025.07.11_04:48:00_TAI,13446,4,"13130,14130,14132,14134",14130,0,559.108,8550601000000.0,1946058000000.0,1.336016e+22,33.432,3.531674e+22,205.163742,2260,1652.46,4016.125732,0.0020774,0.665,15.13,-0.20758016,0.00475614,78.606,12.57,19.636,82.349,31.699,44240
2025.07.11_05:00:00_TAI,13446,4,"13130,14130,14132,14134",14130,0,572.398,8718960000000.0,1983497000000.0,1.335626e+22,31.753,3.576161e+22,199.358093,2196,1670.577,3950.848877,0.00197,0.639,15.21,-0.22628842,0.00452502,77.842,12.455,19.629,81.422,31.353,43520
2025.07.11_05:12:00_TAI,13446,4,"13130,14130,14132,14134",14130,0,589.204,8906369000000.0,1777145000000.0,1.318905e+22,35.019,3.667303e+22,195.185303,2150,1742.997,3884.278076,0.00221054,0.606,15.31,-0.20627521,0.00503477,78.423,12.423,19.862,81.703,32.667,42786
2025.07.11_05:24:00_TAI,13446,4,"13130,14130,14132,14134",14130,0,562.429,8472234000000.0,2349324000000.0,1.288501e+22,36.464,3.674511e+22,182.478317,2010,1808.05,3824.05542,0.00238293,0.797,15.276,-0.28230688,0.00531354,79.93,12.298,19.843,84.008,33.159,42122
2025.07.11_05:36:00_TAI,13446,4,"13130,14130,14132,14134",14130,0,541.514,8154971000000.0,2499144000000.0,1.267131e+22,35.657,3.503387e+22,181.299896,1997,1752.244,3764.537598,0.00236863,0.631,15.041,-0.30525276,0.00528108,80.279,12.223,19.631,84.017,33.356,41466
2025.07.11_05:48:00_TAI,13446,4,"13130,14130,14132,14134",14130,0,541.186,8101409000000.0,2112685000000.0,1.241328e+22,39.293,3.560861e+22,173.312881,1909,1818.064,3706.117676,0.00266428,0.603,15.137,-0.26341784,0.00595673,81.638,12.11,19.711,85.393,33.208,40822
2025.07.11_06:00:00_TAI,13446,4,"13130,14130,14132,14134",14130,65536,515.368,7760541000000.0,1450965000000.0,1.21367e+22,26.036,3.458435e+22,170.501053,1878,1807.814,3641.804443,0.00180744,0.597,15.018,-0.15667427,0.00401178,80.72,12.111,19.717,84.56,33.224,40113
2025.07.11_06:12:00_TAI,13446,4,"13130,14130,14132,14134",14130,0,501.377,7543199000000.0,1700374000000.0,1.192844e+22,26.049,3.33391e+22,166.598099,1835,1769.625,3581.813721,0.00183625,0.627,14.82,-0.22040381,0.00408656,79.401,12.104,19.55,83.344,32.666,39452
2025.07.11_06:24:00_TAI,13446,4,"13130,14130,14132,14134",14130,0,492.981,7441084000000.0,1540611000000.0,1.172545e+22,28.695,3.412585e+22,158.246811,1743,1839.656,3522.830078,0.00205436,0.852,15.0,-0.20281014,0.00458472,80.661,11.949,19.718,86.168,33.142,38802
2025.07.11_06:36:00_TAI,13446,4,"13130,14130,14132,14134",14130,0,471.009,6916382000000.0,3457382000000.0,1.151401e+22,22.006,2.89184e+22,155.433395,1712,1587.922,3455.487793,0.00160477,0.066,14.399,-0.46359932,0.00358504,77.041,11.912,19.71,78.574,32.273,38060
2025.07.11_06:48:00_TAI,13446,4,"13130,14130,14132,14134",14130,0,478.898,7281906000000.0,2815123000000.0,1.131279e+22,32.82,3.493343e+22,155.888199,1717,1951.511,3403.120117,0.00243506,0.868,14.733,-0.3840301,0.00544715,79.805,11.849,19.785,85.814,33.488,37483
2025.07.11_07:00:00_TAI,13446,4,"13130,14130,14132,14134",14130,1024,481.877,7224521000000.0,2780193000000.0,1.109327e+22,40.039,3.411519e+22,151.258453,1666,1963.937,3349.38501,0.00306156,1.147,14.608,-0.39083293,0.00672363,80.98,11.929,19.693,87.333,34.193,36891
2025.07.11_09:12:00_TAI,13446,4,"13130,14130,14132,14134",14130,0,456.375,6885562000000.0,3007226000000.0,1.109363e+22,11.633,3.042429e+22,136.273071,1501,1749.32,2839.763672,0.00088825,0.557,14.077,-0.4222554,0.00196636,77.388,11.905,19.117,82.176,32.172,31279
2025.07.11_09:24:00_TAI,13446,4,"13130,14130,14132,14134",14130,0,428.801,6498221000000.0,3080763000000.0,1.064276e+22,10.909,3.005112e+22,131.368195,1447,1816.204,2794.501953,0.00087565,0.57,14.09,-0.45470408,0.00191322,77.572,11.89,19.072,82.595,32.396,30781
2025.07.11_09:36:00_TAI,13446,4,"13130,14130,14132,14134",14130,65536,425.752,6454166000000.0,2920101000000.0,1.055745e+22,0.721,2.683929e+22,125.102051,1378,1625.221,2741.26001,-5.798e-05,0.241,13.973,-0.43182948,-0.00012824,75.439,11.821,19.099,77.923,31.917,30195
2025.07.11_09:48:00_TAI,13446,4,"13130,14130,14132,14134",14130,65536,405.129,6120064000000.0,3513558000000.0,1.019731e+22,14.627,2.869744e+22,125.644722,1384,1810.995,2695.914551,0.00122588,0.545,14.038,-0.54150331,0.00267522,78.424,11.853,19.123,83.453,32.546,29696
2025.07.11_10:00:00_TAI,13446,4,"13130,14130,14132,14134",14130,0,408.847,6335702000000.0,3503744000000.0,1.006407e+22,8.191,3.177729e+22,120.740288,1330,2015.658,2654.289062,0.00069001,0.893,14.291,-0.54277509,0.00152602,81.363,11.64,18.917,89.138,32.237,29238
2025.07.11_10:12:00_TAI,13446,4,"13130,14130,14132,14134",14130,0,383.664,5947697000000.0,3708248000000.0,9.532979e+21,14.18,2.987885e+22,111.932335,1233,2002.703,2608.940186,0.00126228,0.935,14.122,-0.60703987,0.00277949,80.259,11.58,18.757,88.32,32.135,28739
2025.07.11_10:24:00_TAI,13446,4,"13130,14130,14132,14134",14130,0,364.312,5560714000000.0,4062448000000.0,9.268213e+21,7.782,2.604185e+22,113.110237,1246,1799.667,2564.77002,0.00071422,0.431,13.949,-0.68566567,0.00156718,77.841,11.451,19.153,82.501,31.795,28253
2025.07.11_10:36:00_TAI,13446,4,"13130,14130,14132,14134",14130,0,373.828,5863349000000.0,3764518000000.0,9.417993e+21,4.979,3.019072e+22,109.113693,1202,2013.57,2519.691162,0.00044098,0.912,14.469,-0.6132195,0.00100213,77.853,11.429,19.243,85.425,31.654,27757
2025.07.11_10:48:00_TAI,13446,4,"13130,14130,14132,14134",14130,0,352.934,5537899000000.0,3517378000000.0,9.164823e+21,6.355,2.925056e+22,103.392494,1139,2007.591,2474.157959,0.00057928,0.866,14.501,-0.5896346,0.00131491,78.541,11.416,19.235,86.09,31.327,27256
2025.07.11_11:00:00_TAI,13446,4,"13130,14130,14132,14134",14130,0,336.203,5188759000000.0,2632574000000.0,9.011078e+21,11.782,2.654339e+22,98.488396,1085,1846.869,2424.630127,0.00108871,0.453,14.411,-0.44739699,0.0024901,74.246,11.521,19.387,79.63,31.44,26711
2025.07.11_11:12:00_TAI,13446,4,"13130,14130,14132,14134",14130,0,339.295,5212063000000.0,4530513000000.0,8.877367e+21,22.91,2.52852e+22,101.844971,1122,1792.114,2388.999756,0.00215642,0.367,14.226,-0.7843135,0.00488467,76.666,11.427,19.397,81.698,31.809,26319
2025.07.11_11:24:00_TAI,13446,4,"13130,14130,14132,14134",14130,0,338.371,5288286000000.0,3496193000000.0,8.711585e+21,17.227,2.766451e+22,103.112808,1136,2007.808,2344.273438,0.0016604,0.8,14.216,-0.61979568,0.00373347,79.056,11.438,19.233,87.61,31.71,25827
2025.07.11_11:36:00_TAI,13446,4,"13130,14130,14132,14134",14130,0,337.452,5346531000000.0,3628682000000.0,8.841405e+21,23.781,2.862856e+22,102.475227,1129,2028.887,2315.722412,0.00223818,1.073,14.178,-0.62816262,0.00510782,78.035,11.447,19.202,88.283,31.71,25513
2025.07.11_11:48:00_TAI,13446,4,"13130,14130,14132,14134",14130,0,325.099,4949708000000.0,4654297000000.0,8.624086e+21,12.372,2.431607e+22,96.754036,1066,1785.439,2263.463623,0.00120641,0.371,14.039,-0.83479911,0.00270388,75.319,11.477,19.476,80.136,31.84,24938
2025.07.11_12:00:00_TAI,13446,4,"13130,14130,14132,14134",14130,0,319.615,4843798000000.0,2966346000000.0,8.402821e+21,18.716,2.504625e+22,97.023727,1069,1892.763,2216.751709,0.00187859,0.532,14.144,-0.54759973,0.00418752,75.919,11.604,19.486,81.185,31.599,24424
2025.07.11_12:12:00_TAI,13446,4,"13130,14130,14132,14134",14130,0,314.072,4827661000000.0,2977591000000.0,8.315156e+21,18.321,2.721083e+22,97.837898,1078,2073.196,2163.778564,0.00185383,1.164,14.474,-0.55419594,0.00413128,78.075,11.473,19.716,86.755,31.726,23841
2025.07.11_12:24:00_TAI,13446,4,"13130,14130,14132,14134",14130,0,298.504,4693805000000.0,3522308000000.0,8.006048e+21,12.577,2.636439e+22,97.744415,1077,2096.972,2110.716797,0.00132853,1.088,14.749,-0.68440646,0.00293134,77.992,11.377,19.827,87.306,31.27,23257
2025.07.11_12:36:00_TAI,13446,4,"13130,14130,14132,14134",14130,0,285.538,4415123000000.0,4120259000000.0,7.9228e+21,19.514,2.16996e+22,91.752274,1011,1743.067,2053.036621,0.00208169,0.576,14.06,-0.80855775,0.00460492,75.402,11.252,19.466,81.22,31.258,22622
2025.07.11_12:48:00_TAI,13446,4,"13130,14130,14132,14134",14130,0,274.081,4268231000000.0,3546047000000.0,7.725356e+21,19.946,2.316353e+22,87.575081,965,1895.439,1983.28064,0.00216762,0.869,14.209,-0.70890194,0.00487605,76.174,11.211,19.563,83.372,30.931,21854
2025.07.11_13:00:00_TAI,13446,4,"13130,14130,14132,14134",14130,0,247.266,3916753000000.0,3219384000000.0,7.154197e+21,0.365,2.049455e+22,91.111755,1004,1803.662,1913.982056,-4.266e-05,0.76,14.374,-0.69221103,-9.751e-05,74.188,11.196,19.566,80.376,30.119,21091
2025.07.11_13:12:00_TAI,13446,4,"13130,14130,14132,14134",14130,0,241.894,3880233000000.0,3239040000000.0,7.044224e+21,4.934,2.076026e+22,84.484634,931,1842.116,1817.916992,0.00058146,0.99,14.452,-0.70220262,0.00134404,73.396,10.952,19.97,80.784,29.933,20033
2025.07.11_13:24:00_TAI,13446,4,"13130,14130,14132,14134",14130,0,225.294,3561668000000.0,3033189000000.0,6.742106e+21,15.18,2.036182e+22,78.584152,866,1911.743,1723.588257,0.00189295,0.586,14.585,-0.695804,0.00426181,73.755,11.044,20.076,80.343,30.933,18994
2025.07.11_13:36:00_TAI,13446,4,"13130,14130,14132,14134",14130,0,227.066,3629852000000.0,3122510000000.0,6.593484e+21,23.637,2.046993e+22,80.396362,886,1980.417,1641.77356,0.00303694,0.784,14.855,-0.73812759,0.00674639,75.305,11.093,20.172,82.64,31.621,18093
2025.07.11_13:48:00_TAI,13446,4,"13130,14130,14132,14134",14130,0,207.863,3231565000000.0,2597704000000.0,6.156464e+21,18.189,1.876515e+22,79.032623,871,1964.943,1586.096802,0.00252935,0.626,14.666,-0.6646415,0.00551283,75.732,11.108,20.083,82.196,31.906,17480
2025.07.11_14:00:00_TAI,13446,4,"13130,14130,14132,14134",14130,0,200.611,3126656000000.0,1883163000000.0,5.868233e+21,10.107,1.881541e+22,75.400917,831,2070.703,1537.598022,0.00147716,0.731,15.054,-0.5064128,0.00319685,76.427,11.005,20.27,83.403,32.621,16946
2025.07.11_14:12:00_TAI,13446,4,"13130,14130,14132,14134",14130,0,216.819,3336023000000.0,1815525000000.0,5.989034e+21,1.42,1.89951e+22,75.308006,830,2050.031,1485.654663,0.00020349,0.702,15.037,-0.47879094,0.00043779,79.616,10.923,20.311,86.476,33.05,16374
2025.07.11_14:24:00_TAI,13446,4,"13130,14130,14132,14134",14130,0,203.899,3184933000000.0,2140802000000.0,5.645318e+21,1.741,1.855716e+22,71.858406,792,2146.436,1443.15625,0.00026748,1.29,15.377,-0.60509044,0.00056275,81.098,10.82,20.269,90.54,34.477,15906
2025.07.11_14:36:00_TAI,13446,4,"13130,14130,14132,14134",14130,0,209.304,3196826000000.0,1634171000000.0,5.648418e+21,17.167,1.989428e+22,72.581909,800,2283.556,1407.453857,-0.00261696,1.235,15.822,-0.45838541,-0.0055665,82.249,10.81,20.442,92.217,34.222,15513
2025.07.11_14:48:00_TAI,13446,4,"13130,14130,14132,14134",14130,0,208.378,3249627000000.0,1640296000000.0,5.55381e+21,1.678,1.952178e+22,69.313789,764,2283.617,1380.287964,-0.00026061,1.538,15.989,-0.46890834,-0.00054884,81.036,10.72,20.367,90.819,33.773,15214
2025.07.11_15:00:00_TAI,13446,4,"13130,14130,14132,14134",14130,0,212.243,3215897000000.0,2082357000000.0,5.313159e+21,2.212,2.011525e+22,67.31601,742,2468.467,1355.392456,-0.0003606,1.173,16.497,-0.62449771,-0.00075536,83.344,10.756,20.722,92.085,33.852,14940
2025.07.11_15:12:00_TAI,13446,4,"13130,14130,14132,14134",14130,0,215.495,3298653000000.0,2192609000000.0,5.408662e+21,9.23,1.941108e+22,68.312126,753,2334.871,1330.317505,-0.00147451,1.294,15.98,-0.6445545,-0.00310264,81.13,10.687,20.225,90.646,33.568,14664
2025.07.11_15:24:00_TAI,13446,4,"13130,14130,14132,14134",14130,0,205.507,3108050000000.0,1573781000000.0,5.264634e+21,4.028,1.991175e+22,64.409492,710,2469.657,1314.77002,-0.00066348,1.598,16.429,-0.47705463,-0.00137972,84.29,10.528,20.59,94.074,34.051,14493
2025.07.11_15:36:00_TAI,13446,4,"13130,14130,14132,14134",14130,0,212.06,3164865000000.0,2216834000000.0,5.285278e+21,11.724,2.103513e+22,67.491913,744,2605.985,1296.679321,-0.00192886,1.02,16.132,-0.671224,-0.0039964,81.959,10.667,20.457,93.103,33.935,14294
2025.07.11_15:48:00_TAI,13446,4,"13130,14130,14132,14134",14130,0,208.454,3186332000000.0,2010984000000.0,5.231148e+21,23.821,2.149078e+22,67.03669,739,2695.248,1281.589111,-0.00396815,1.716,16.804,-0.61641538,-0.00816356,86.021,10.574,20.839,97.506,35.142,14128
2025.07.11_16:00:00_TAI,13446,4,"13130,14130,14132,14134",14130,0,213.367,3184919000000.0,1794573000000.0,5.236527e+21,10.245,1.92274e+22,68.12336,751,2431.23,1277.925293,-0.00172044,0.974,16.404,-0.55461949,-0.00348428,81.322,10.495,20.569,89.553,34.471,14088
2025.07.11_16:12:00_TAI,13446,4,"13130,14130,14132,14134",14130,0,223.744,3381724000000.0,1728209000000.0,5.405759e+21,15.707,2.089846e+22,65.400566,721,2545.497,1264.199219,-0.00254114,1.326,17.183,-0.51450902,-0.00518324,83.779,10.469,21.112,92.983,35.226,13937
2025.07.11_16:24:00_TAI,13446,4,"13130,14130,14132,14134",14130,0,233.165,3521618000000.0,1825676000000.0,5.319206e+21,14.328,2.163362e+22,64.673485,713,2703.258,1250.293579,-0.00237806,2.124,17.067,-0.55760908,-0.00477291,83.535,10.422,20.757,97.329,36.06,13784
2025.07.11_16:36:00_TAI,13446,4,"13130,14130,14132,14134",14130,0,229.258,3323260000000.0,1844865000000.0,5.270495e+21,20.998,2.074249e+22,67.302567,742,2643.225,1240.562378,-0.00355363,1.202,16.588,-0.57463855,-0.006974,81.619,10.446,20.85,92.515,35.267,13677
2025.07.11_16:48:00_TAI,13446,4,"13130,14130,14132,14134",14130,0,243.059,3499802000000.0,1712760000000.0,5.501206e+21,32.155,2.185253e+22,68.661514,757,2686.475,1228.560303,-0.00524977,1.649,16.757,-0.51468694,-0.01013194,85.073,10.43,20.569,96.257,34.783,13545
2025.07.11_17:00:00_TAI,13446,4,"13130,14130,14132,14134",14130,0,254.739,3657104000000.0,1574696000000.0,5.570674e+21,31.182,2.322372e+22,69.567245,767,2823.697,1231.530762,-0.00503509,1.534,17.166,-0.46801153,-0.00968977,83.752,10.31,21.087,95.528,35.853,13578
2025.07.11_17:12:00_TAI,13446,4,"13130,14130,14132,14134",14130,0,264.267,4053897000000.0,564694700000.0,5.472077e+21,0.493,2.815645e+22,68.205559,752,3420.69,1218.993042,-7.953e-05,3.42,18.675,-0.06643604,-0.00015711,84.857,10.192,21.382,105.031,37.308,13440
2025.07.11_17:24:00_TAI,13446,4,"13130,14130,14132,14134",14130,0,236.277,3485363000000.0,1910106000000.0,5.513835e+21,10.186,2.602281e+22,68.930046,760,3179.947,1205.09668,-0.00165299,1.947,17.574,-0.57057279,-0.00320035,83.014,10.119,21.285,99.043,35.343,13287
2025.07.11_17:36:00_TAI,13446,4,"13130,14130,14132,14134",14130,0,248.851,3512199000000.0,840371100000.0,5.586822e+21,26.451,2.187556e+22,70.289192,775,2698.117,1196.185913,-0.00433267,1.572,16.515,-0.24130844,-0.00801139,80.498,10.128,20.275,93.147,36.348,13189
2025.07.11_17:48:00_TAI,13446,4,"13130,14130,14132,14134",14130,0,235.122,3383464000000.0,2678552000000.0,5.79096e+21,23.653,2.305479e+22,66.116562,729,2693.135,1181.663452,-0.00366938,1.195,16.465,-0.76488698,-0.00704826,79.35,10.077,20.797,90.185,34.904,13029
2025.07.11_18:00:00_TAI,13446,4,"13130,14130,14132,14134",14130,65536,247.437,3588952000000.0,2297107000000.0,5.745876e+21,8.402,2.331907e+22,60.129734,663,2741.444,1167.133545,-0.00131219,1.53,16.668,-0.66016865,-0.0025223,79.798,9.951,21.051,90.595,35.283,12869
2025.07.11_18:12:00_TAI,13446,4,"13130,14130,14132,14134",14130,0,237.211,3481505000000.0,1017535000000.0,5.784106e+21,21.313,2.352127e+22,64.663712,713,2756.179,1148.982544,-0.00331726,1.992,16.797,-0.29147825,-0.0063281,80.218,9.993,21.007,95.588,34.651,12669
2025.07.11_18:24:00_TAI,13446,4,"13130,14130,14132,14134",14130,0,230.164,3310217000000.0,2471670000000.0,5.573043e+21,8.003,2.329179e+22,61.126141,674,2851.774,1127.024536,-0.00130152,1.22,16.593,-0.73980439,-0.00246569,77.534,9.681,21.262,90.237,33.855,12427
2025.07.11_18:36:00_TAI,13446,4,"13130,14130,14132,14134",14130,0,241.077,3488062000000.0,1726809000000.0,5.25802e+21,12.328,2.672793e+22,59.493229,656,3495.879,1094.185669,-0.00214138,2.744,17.832,-0.55214471,-0.00396436,85.01,9.659,21.227,106.379,35.762,12065
2025.07.11_18:48:00_TAI,13446,4,"13130,14130,14132,14134",14130,0,210.887,2965059000000.0,1940303000000.0,5.2528e+21,21.477,2.268288e+22,60.127686,663,2984.433,1075.224487,-0.00375276,1.415,16.791,-0.62409884,-0.00689596,75.938,9.564,21.176,88.46,34.224,11856
2025.07.10_18:48:00_TAI,13455,0,MISSING,0,0,108.465,1917953000000.0,425295000000.0,2.516946e+21,4.831,6.67839e+21,143.389038,1581,1577.396,2234.456543,-0.00151538,0.094,17.707,-0.03208081,-0.00392834,107.059,15.278,21.349,109.412,32.992,24637
2025.07.10_19:00:00_TAI,13455,0,MISSING,0,0,100.717,1814419000000.0,369447200000.0,2.491473e+21,3.501,6.346816e+21,141.574448,1561,1495.796,2215.127686,-0.00109589,0.0,17.448,0.17553434,-0.00290837,103.862,15.236,21.317,106.586,32.061,24424
2025.07.10_19:12:00_TAI,13455,0,MISSING,0,4096,99.075,1777319000000.0,181781000000.0,2.43417e+21,0.212,6.252555e+21,138.581589,1528,1518.739,2198.894531,-6.846e-05,0.0,17.431,0.04912552,-0.00017929,104.989,15.173,21.075,107.522,31.448,24245
2025.07.10_19:24:00_TAI,13455,0,MISSING,0,4096,102.466,1834652000000.0,83510570000.0,2.45839e+21,2.491,6.43295e+21,139.125504,1534,1537.754,2183.653564,0.00079064,0.0,17.695,-0.0230119,0.00209576,104.666,14.943,21.144,106.81,31.341,24077
2025.07.10_19:36:00_TAI,13455,0,MISSING,0,4096,102.355,1828296000000.0,150297800000.0,2.443183e+21,1.978,6.434324e+21,134.771561,1486,1545.442,2172.488525,0.00063112,0.0,17.802,0.08824747,0.00168029,103.589,14.911,21.002,105.566,31.233,23954
2025.07.10_19:48:00_TAI,13455,0,MISSING,0,4096,100.113,1789635000000.0,189430000000.0,2.462249e+21,2.79,6.480412e+21,138.39949,1526,1554.528,2172.85376,0.00088914,0.032,17.678,0.11108216,0.00234861,102.664,14.877,21.033,104.708,31.6,23958
2025.07.10_20:00:00_TAI,13455,0,MISSING,0,4096,104.922,1915544000000.0,100963300000.0,2.549809e+21,0.409,6.831051e+21,137.402206,1515,1555.395,2167.417725,0.00012378,0.0,18.137,0.05508857,0.00033675,101.746,14.868,21.306,103.445,31.445,23898
2025.07.10_20:12:00_TAI,13455,0,MISSING,0,4096,105.874,1918628000000.0,235681600000.0,2.54458e+21,0.859,7.074416e+21,135.770264,1497,1624.563,2163.980225,0.00026202,0.0,18.41,0.13230252,0.00070315,102.463,14.843,21.569,104.072,31.908,23860
2025.07.10_20:24:00_TAI,13455,0,MISSING,0,4096,103.447,1900101000000.0,239152900000.0,2.5055e+21,0.338,6.927753e+21,131.871643,1454,1606.562,2152.754639,0.00010415,0.0,18.357,0.13557349,0.00028255,102.271,14.745,21.77,103.939,32.237,23736
2025.07.10_20:36:00_TAI,13455,0,MISSING,0,4096,104.946,1934186000000.0,348926700000.0,2.515419e+21,3.479,7.09868e+21,129.786545,1431,1627.157,2145.060547,-0.00105921,0.03,18.574,-0.07935273,-0.00290517,101.727,14.736,21.944,103.519,32.146,23651
2025.07.10_20:48:00_TAI,13455,0,MISSING,0,0,107.053,1945664000000.0,107702400000.0,2.469961e+21,0.99,7.173266e+21,127.066734,1401,1688.985,2132.290527,-0.00030968,0.0,18.831,-0.04566313,-0.00083957,101.754,14.786,22.043,103.605,32.205,23510
2025.07.10_21:00:00_TAI,13455,0,MISSING,0,0,106.443,1954006000000.0,394327100000.0,2.524621e+21,1.515,7.231248e+21,129.516846,1428,1631.715,2120.702148,-0.00045396,0.0,18.844,-0.21750587,-0.00128109,97.799,14.835,22.021,99.596,31.343,23382
2025.07.10_21:12:00_TAI,13455,0,MISSING,0,0,104.683,1918802000000.0,454645800000.0,2.486902e+21,1.173,7.24228e+21,123.260071,1359,1653.029,2105.307373,-0.00035559,0.03,18.967,-0.25366262,-0.00101092,96.117,14.798,22.124,97.983,31.095,23212
2025.07.10_21:24:00_TAI,13455,0,MISSING,0,0,105.506,1947590000000.0,647316600000.0,2.482645e+21,1.73,7.105261e+21,125.801735,1387,1614.414,2091.918701,-0.00052201,0.181,18.875,-0.35952109,-0.00149669,95.972,14.891,22.024,98.227,30.09,23064
2025.07.10_21:36:00_TAI,13455,0,MISSING,0,0,100.82,1858473000000.0,449872600000.0,2.418797e+21,1.49,6.77307e+21,120.995811,1334,1582.877,2076.611084,-0.00046253,0.248,18.626,-0.25699103,-0.00132593,95.695,14.73,21.93,98.02,29.861,22895
2025.07.10_21:48:00_TAI,13455,0,MISSING,0,0,102.422,1883910000000.0,396636700000.0,2.415877e+21,5.392,6.618817e+21,123.628532,1363,1540.613,2058.782471,-0.00166681,0.093,18.508,-0.22566594,-0.00482395,95.896,14.776,21.824,98.397,30.128,22698
2025.07.10_22:00:00_TAI,13455,0,MISSING,0,0,98.548,1855569000000.0,359961700000.0,2.391058e+21,4.859,6.481341e+21,121.725777,1342,1502.575,2041.58252,-0.00149593,0.154,18.592,-0.08503611,-0.00443853,93.207,14.785,22.125,95.602,30.499,22508
2025.07.10_22:12:00_TAI,13455,0,MISSING,0,0,98.518,1848778000000.0,288507300000.0,2.416632e+21,3.242,6.521968e+21,119.641678,1319,1480.095,2022.388916,-0.00097712,0.09,18.72,-0.16003427,-0.00296242,92.739,14.699,22.071,94.894,29.878,22296
2025.07.10_22:24:00_TAI,13455,0,MISSING,0,0,95.746,1789754000000.0,338759500000.0,2.389927e+21,3.516,6.233192e+21,120.73243,1331,1445.937,2007.7323,-0.00108306,0.062,18.202,0.02112815,-0.00322771,94.544,14.837,21.763,96.643,30.603,22134
2025.07.10_22:36:00_TAI,13455,0,MISSING,0,0,100.035,1911098000000.0,234449600000.0,2.45143e+21,2.698,6.346478e+21,123.093781,1357,1423.961,1989.275391,-0.00080381,0.0,18.318,0.07937576,-0.00243095,95.253,14.965,21.532,97.719,28.881,21930
2025.07.10_22:48:00_TAI,13455,0,MISSING,0,0,98.794,1888313000000.0,301648100000.0,2.468083e+21,3.158,6.237747e+21,121.099731,1335,1393.337,1968.437622,-0.00093696,0.0,18.12,-0.00546982,-0.00283299,96.344,14.975,21.367,98.709,28.881,21700
2025.07.10_23:00:00_TAI,13455,0,MISSING,0,0,100.312,1904197000000.0,267763200000.0,2.459298e+21,2.557,6.22398e+21,122.736206,1353,1404.427,1947.269287,-0.00076619,0.0,17.985,-0.14766984,-0.00229526,94.669,14.776,21.072,96.922,28.438,21466
2025.07.10_23:12:00_TAI,13455,0,MISSING,0,4096,97.792,1841193000000.0,62729670000.0,2.446065e+21,2.142,6.148939e+21,121.559219,1340,1397.546,1930.886597,0.00064668,0.0,17.839,0.03484486,0.00192814,94.056,14.737,21.0,96.199,28.661,21285
2025.07.10_23:24:00_TAI,13455,0,MISSING,0,4096,100.307,1892131000000.0,238198300000.0,2.421406e+21,1.567,5.877968e+21,121.562584,1340,1338.383,1908.713989,0.00047394,0.0,17.666,0.13255051,0.00143378,92.403,14.749,20.867,94.517,28.447,21040
2025.07.10_23:36:00_TAI,13455,0,MISSING,0,0,95.308,1811847000000.0,362902400000.0,2.409891e+21,1.204,5.768443e+21,115.124397,1269,1315.832,1889.255859,-0.00036462,0.0,17.509,-0.1469845,-0.00111313,91.554,14.731,20.862,93.477,28.78,20825
2025.07.10_23:48:00_TAI,13455,0,MISSING,0,0,95.43,1812482000000.0,336453000000.0,2.454371e+21,1.502,5.91813e+21,113.403564,1250,1322.729,1866.169067,-0.00044577,0.0,17.502,-0.13799539,-0.00137033,90.573,14.742,20.733,92.471,28.138,20570
2025.07.11_00:00:00_TAI,13455,0,MISSING,0,0,88.613,1686344000000.0,443659000000.0,2.395319e+21,3.242,5.670848e+21,113.588402,1252,1292.004,1842.45459,-0.00098083,0.0,17.39,-0.132117,-0.00305017,88.964,14.68,20.804,90.716,27.563,20308
2025.07.11_00:12:00_TAI,13455,0,MISSING,0,0,92.357,1762128000000.0,428115800000.0,2.448313e+21,3.239,5.857679e+21,112.865578,1244,1295.756,1816.827271,-0.00095141,0.029,17.53,-0.16811699,-0.00300096,88.758,14.799,20.803,90.571,26.941,20025
2025.07.11_00:24:00_TAI,13455,0,MISSING,0,0,92.316,1791924000000.0,365717900000.0,2.488302e+21,2.337,5.865047e+21,113.140358,1247,1263.606,1793.097778,-0.00066875,0.0,17.457,-0.01944482,-0.00215143,86.822,14.62,20.85,88.561,26.504,19763
2025.07.11_00:36:00_TAI,13455,0,MISSING,0,0,89.845,1741916000000.0,371793000000.0,2.468379e+21,1.771,5.808238e+21,114.14196,1258,1264.39,1767.657959,-0.00051197,0.0,17.471,-0.00720404,-0.00164136,85.366,14.697,20.684,87.241,26.621,19482
2025.07.11_00:48:00_TAI,13455,0,MISSING,0,0,89.368,1720712000000.0,440654000000.0,2.442153e+21,3.506,5.749521e+21,111.422615,1228,1272.953,1746.195679,-0.001031,0.0,17.344,-0.15225673,-0.00327436,87.485,14.801,20.778,89.278,27.208,19245
2025.07.11_01:00:00_TAI,13455,0,MISSING,0,0,88.863,1719630000000.0,530242700000.0,2.431319e+21,5.465,5.824152e+21,107.252235,1182,1295.189,1721.570679,-0.0016141,0.0,17.648,-0.1468617,-0.00512362,88.711,14.888,20.716,90.826,26.816,18973
2025.07.11_01:12:00_TAI,13455,0,MISSING,0,0,88.945,1693328000000.0,483220500000.0,2.377397e+21,4.042,5.49916e+21,108.253395,1193,1261.284,1701.474854,-0.00123129,0.0,17.22,-0.23721747,-0.00385632,87.634,14.817,20.346,89.545,26.343,18751
2025.07.11_01:24:00_TAI,13455,0,MISSING,0,0,91.975,1741967000000.0,423306900000.0,2.400407e+21,2.704,5.594089e+21,109.617599,1208,1267.612,1674.844482,-0.00081366,0.0,17.256,-0.22351763,-0.00256267,87.762,14.867,20.291,89.605,26.338,18457
2025.07.11_01:36:00_TAI,13455,0,MISSING,0,0,87.412,1656932000000.0,482307100000.0,2.380345e+21,3.353,5.47162e+21,107.44281,1184,1255.732,1654.111084,-0.00102195,0.0,17.061,-0.14860061,-0.00318917,88.682,15.009,20.315,90.773,26.645,18228
2025.07.11_01:48:00_TAI,13455,0,MISSING,0,0,88.61,1690724000000.0,552361100000.0,2.364579e+21,4.756,5.325361e+21,106.265701,1171,1227.027,1630.284546,-0.00145544,0.031,17.026,-0.06415053,-0.00455501,87.553,15.077,20.371,89.687,26.612,17965
2025.07.11_02:00:00_TAI,13455,0,MISSING,0,0,90.356,1713761000000.0,500987900000.0,2.394977e+21,4.27,5.568079e+21,102.54792,1130,1269.358,1602.379395,-0.00129316,0.0,17.189,-0.04052288,-0.00403359,90.161,15.107,20.507,92.218,27.345,17657
2025.07.11_02:12:00_TAI,13455,0,MISSING,0,0,84.977,1614757000000.0,185004900000.0,2.333614e+21,0.637,5.219053e+21,103.640236,1142,1222.737,1575.385986,-0.00019831,0.031,16.955,0.01790032,-0.00061685,88.567,15.138,20.399,90.823,26.87,17359
2025.07.11_02:24:00_TAI,13455,0,MISSING,0,0,88.133,1683223000000.0,172137200000.0,2.340981e+21,0.464,5.345261e+21,102.644783,1131,1247.647,1547.658325,-0.00014379,0.031,17.057,-0.05242427,-0.00044603,90.512,15.197,20.511,92.679,27.357,17053
2025.07.11_02:36:00_TAI,13455,0,MISSING,0,0,89.532,1699309000000.0,459107300000.0,2.383461e+21,3.21,5.320563e+21,103.191727,1137,1217.354,1520.557739,-0.00097544,0.0,16.899,-0.17535184,-0.00303875,89.548,15.435,20.427,91.671,27.429,16754
2025.07.11_02:48:00_TAI,13455,0,MISSING,0,0,84.499,1622477000000.0,395784200000.0,2.367458e+21,3.38,5.166161e+21,100.743973,1110,1183.466,1494.550415,-0.00102832,0.0,16.792,-0.06771486,-0.00324126,87.37,15.316,20.414,89.396,26.69,16467
2025.07.11_03:00:00_TAI,13455,0,MISSING,0,0,83.27,1592498000000.0,404198700000.0,2.350579e+21,2.924,5.16826e+21,98.296036,1083,1190.466,1466.090332,-0.00089434,0.031,16.887,-0.22742835,-0.00281752,87.867,15.332,20.316,89.803,26.839,16153
2025.07.11_03:12:00_TAI,13455,0,MISSING,0,0,84.43,1610375000000.0,485613200000.0,2.386614e+21,1.724,5.271437e+21,94.486435,1041,1192.346,1438.98938,-0.00051777,0.0,16.853,-0.26830572,-0.00164174,87.443,15.32,20.313,89.631,26.146,15854
2025.07.11_03:24:00_TAI,13455,0,MISSING,0,0,87.795,1682356000000.0,355295800000.0,2.375286e+21,0.661,5.431093e+21,97.756432,1077,1245.293,1412.703003,-0.00020115,0.03,17.212,-0.19898914,-0.00062778,88.375,15.436,20.232,90.487,26.379,15564
2025.07.11_03:36:00_TAI,13455,0,MISSING,0,0,91.884,1754909000000.0,376360300000.0,2.429246e+21,1.89,5.504328e+21,98.121895,1081,1228.419,1385.869629,-0.00056024,0.03,17.192,-0.2051589,-0.00176388,87.047,15.603,20.454,89.001,26.592,15268
2025.07.11_03:48:00_TAI,13455,0,MISSING,0,0,91.115,1756006000000.0,287393700000.0,2.471953e+21,2.689,5.645376e+21,98.396133,1084,1233.932,1361.47937,-0.00078043,0.0,17.203,-0.15342976,-0.00247133,86.715,15.669,20.537,88.758,26.438,14999
2025.07.11_04:00:00_TAI,13455,0,MISSING,0,0,92.03,1764070000000.0,400325100000.0,2.429332e+21,4.619,5.768094e+21,93.224289,1027,1290.344,1335.186035,-0.00137218,0.059,17.523,-0.19302857,-0.00428927,87.418,15.786,20.744,89.34,27.173,14709
2025.07.11_04:12:00_TAI,13455,0,MISSING,0,0,91.609,1766423000000.0,584897300000.0,2.462689e+21,4.628,5.877287e+21,93.226326,1027,1292.5,1307.982544,-0.00135208,0.0,17.61,-0.31415793,-0.0042525,87.623,15.804,20.695,89.447,26.957,14409
2025.07.11_04:24:00_TAI,13455,0,MISSING,0,0,93.553,1781311000000.0,655252900000.0,2.448775e+21,3.705,5.897835e+21,92.683609,1021,1315.46,1281.775269,-0.00109749,0.0,17.677,-0.35694367,-0.00339727,88.646,15.916,20.593,90.28,27.477,14120
2025.07.11_04:36:00_TAI,13455,0,MISSING,0,0,93.934,1770141000000.0,767987700000.0,2.469714e+21,5.16,6.033553e+21,90.053207,992,1348.126,1254.934937,-0.00153115,0.0,17.648,-0.41909137,-0.00464416,89.914,15.922,20.735,91.54,27.24,13824
2025.07.11_04:48:00_TAI,13455,0,MISSING,0,0,89.235,1703082000000.0,563845700000.0,2.433078e+21,6.418,6.003188e+21,87.875443,968,1357.454,1226.625,-0.00192737,0.0,17.771,-0.30331609,-0.00585876,89.847,15.979,20.928,91.761,27.625,13512
2025.07.11_05:00:00_TAI,13455,0,MISSING,0,0,90.629,1722778000000.0,457914200000.0,2.42606e+21,2.502,6.074883e+21,83.610565,921,1376.974,1197.147095,-0.00075307,0.0,17.888,-0.25348562,-0.00228805,89.76,15.988,20.864,91.447,27.514,13187
2025.07.11_05:12:00_TAI,13455,0,MISSING,0,0,88.564,1653163000000.0,542441600000.0,2.344797e+21,3.877,5.903155e+21,86.517014,953,1408.874,1169.205322,-0.00122888,0.0,17.84,-0.3161661,-0.00361605,90.172,16.086,20.728,92.172,27.605,12879
2025.07.11_05:24:00_TAI,13455,0,MISSING,0,0,89.253,1662468000000.0,878527600000.0,2.373897e+21,5.982,5.932932e+21,85.33812,940,1402.643,1140.53479,-0.00187814,0.031,17.749,-0.50722545,-0.00547904,90.353,16.198,20.699,92.291,27.11,12563
2025.07.11_05:36:00_TAI,13455,0,MISSING,0,0,88.626,1642164000000.0,922001100000.0,2.308224e+21,6.682,5.762517e+21,82.252228,906,1418.933,1111.312988,-0.00218494,0.0,17.676,-0.55442524,-0.00621666,92.412,16.254,20.772,94.157,28.388,12241
2025.07.11_05:48:00_TAI,13455,0,MISSING,0,0,88.514,1633520000000.0,950371800000.0,2.321591e+21,10.23,5.689136e+21,80.619087,888,1389.956,1085.634033,-0.00331912,0.0,17.461,-0.46878418,-0.00949823,91.48,16.1,20.42,93.052,28.227,11958
2025.07.11_06:00:00_TAI,13455,0,MISSING,0,65536,87.886,1587129000000.0,719202700000.0,2.294421e+21,8.209,5.66974e+21,78.986107,870,1413.656,1057.596802,-0.0027181,0.0,17.452,-0.43790835,-0.00764655,92.113,16.236,20.308,93.701,28.285,11649
2025.07.11_06:12:00_TAI,13455,0,MISSING,0,0,82.414,1482241000000.0,663891600000.0,2.221834e+21,7.536,5.425337e+21,75.173424,828,1414.545,1032.363525,-0.00260941,0.0,17.105,-0.42270222,-0.00716615,91.972,16.402,20.177,93.778,28.057,11371
2025.07.11_06:24:00_TAI,13455,0,MISSING,0,0,81.904,1473732000000.0,788508100000.0,2.263788e+21,9.821,5.428418e+21,71.996399,793,1388.898,1004.862732,-0.00333693,0.0,16.951,-0.42605847,-0.00917918,92.805,16.528,20.133,94.448,28.004,11068
2025.07.11_06:36:00_TAI,13455,0,MISSING,0,0,82.537,1498229000000.0,758576400000.0,2.217466e+21,8.94,5.29656e+21,69.636345,767,1376.679,981.264099,-0.00308595,0.0,16.907,-0.22640538,-0.00852548,94.642,16.554,19.915,95.977,27.794,10808
2025.07.11_06:48:00_TAI,13455,0,MISSING,0,0,78.669,1406431000000.0,701785800000.0,2.148257e+21,7.196,5.022692e+21,68.728806,757,1360.929,955.666382,-0.00258957,0.0,16.644,-0.21463771,-0.00703963,96.073,16.721,19.471,97.456,28.875,10526
2025.07.11_07:00:00_TAI,13455,0,MISSING,0,1024,72.927,1309338000000.0,645286200000.0,2.058929e+21,7.342,4.616856e+21,70.09095,772,1313.348,933.335449,-0.00277353,0.0,16.309,-0.08486386,-0.00745735,94.551,16.824,19.415,95.956,29.094,10280
2025.07.11_09:12:00_TAI,13455,0,MISSING,0,0,66.634,1181263000000.0,632053800000.0,1.828413e+21,9.37,4.228968e+21,51.567688,568,1337.403,763.801025,-0.00393535,0.0,16.889,-0.27938572,-0.01074875,92.691,16.098,20.346,94.729,29.303,8413
2025.07.11_09:24:00_TAI,13455,0,MISSING,0,0,65.175,1154956000000.0,553082600000.0,1.759197e+21,6.761,4.186604e+21,49.660263,547,1388.748,750.260376,-0.00297827,0.0,17.102,-0.44804105,-0.00801442,92.317,16.174,20.122,94.314,29.136,8264
2025.07.11_09:36:00_TAI,13455,0,MISSING,0,65536,61.648,1087759000000.0,474277200000.0,1.708892e+21,6.572,3.970334e+21,50.022663,551,1377.065,748.342651,-0.00302864,0.0,16.735,-0.38302904,-0.00793746,93.541,16.236,19.794,95.729,30.412,8243
2025.07.11_09:48:00_TAI,13455,0,MISSING,0,65536,60.626,1056149000000.0,562411700000.0,1.681032e+21,3.513,3.851251e+21,51.383606,566,1364.036,744.880737,-0.00165261,0.047,16.53,-0.48647255,-0.00429394,92.751,16.293,19.631,95.316,29.354,8205
2025.07.11_10:00:00_TAI,13455,0,MISSING,0,0,61.41,1101006000000.0,566958100000.0,1.695896e+21,4.729,3.98469e+21,48.114552,530,1377.603,740.600952,-0.00217124,0.0,16.766,-0.47870493,-0.00577381,92.962,16.146,19.949,94.918,29.947,8158
2025.07.11_10:12:00_TAI,13455,0,MISSING,0,0,60.696,1062459000000.0,473190800000.0,1.621142e+21,1.814,3.65542e+21,47.841312,527,1333.567,735.049561,-0.00087879,0.0,16.268,-0.4216086,-0.00229935,93.255,16.031,19.6,95.366,30.307,8097
2025.07.11_10:24:00_TAI,13455,0,MISSING,0,0,62.216,1082960000000.0,330671200000.0,1.644628e+21,3.409,3.695362e+21,46.932579,517,1321.881,728.498901,-0.00161966,0.0,16.421,-0.28889224,-0.00428053,93.262,15.892,19.516,95.133,29.661,8025
2025.07.11_10:36:00_TAI,13455,0,MISSING,0,0,57.861,1025536000000.0,441407300000.0,1.598884e+21,3.371,3.537637e+21,47.657814,525,1306.422,721.584656,-0.00165313,0.0,16.247,-0.39812806,-0.00435369,94.988,16.077,19.553,96.577,30.687,7949
2025.07.11_10:48:00_TAI,13455,0,MISSING,0,0,56.3,1000772000000.0,363452500000.0,1.545546e+21,4.52,3.513668e+21,47.202892,520,1345.75,713.12677,-0.00229932,0.051,16.324,-0.24709222,-0.00602551,96.174,15.904,19.558,97.933,31.239,7856
2025.07.11_11:00:00_TAI,13455,0,MISSING,0,0,54.715,969103500000.0,323356400000.0,1.497832e+21,4.678,3.228951e+21,45.840221,505,1270.966,703.397766,-0.00244545,0.052,15.923,-0.2605294,-0.0064594,93.791,15.801,19.27,95.546,29.856,7749
2025.07.11_11:12:00_TAI,13455,0,MISSING,0,0,52.718,933365400000.0,286897400000.0,1.491336e+21,1.927,3.053694e+21,45.748543,504,1205.764,697.029846,-0.00101093,0.0,15.517,-0.27669826,-0.00267907,94.391,15.877,19.09,96.036,29.386,7679
2025.07.11_11:24:00_TAI,13455,0,MISSING,0,0,52.162,915844700000.0,337322400000.0,1.474662e+21,2.17,3.073915e+21,45.202621,498,1225.963,689.748474,-0.00114924,0.0,15.738,-0.32861277,-0.00306604,95.977,15.981,19.142,97.84,29.101,7599
2025.07.11_11:36:00_TAI,13455,0,MISSING,0,0,50.259,903142400000.0,178289800000.0,1.520994e+21,1.782,3.178317e+21,43.840157,483,1196.616,679.477051,-0.00089096,0.1,16.052,-0.11417454,-0.00249319,91.734,16.238,19.242,93.426,28.271,7486
2025.07.11_11:48:00_TAI,13455,0,MISSING,0,0,46.979,831212600000.0,144701300000.0,1.464463e+21,1.548,2.967615e+21,45.381817,500,1177.331,670.743286,-0.00081562,0.0,15.627,-0.12575512,-0.00223396,92.21,16.475,18.9,94.273,28.386,7390
2025.07.11_12:00:00_TAI,13455,0,MISSING,0,0,46.988,819777900000.0,294925700000.0,1.419555e+21,0.921,2.844143e+21,44.926796,495,1180.596,660.650818,-0.00050749,0.0,15.456,-0.29905462,-0.00135714,93.709,16.434,18.853,95.987,28.93,7279
2025.07.11_12:12:00_TAI,13455,0,MISSING,0,0,46.412,829112300000.0,339052600000.0,1.377228e+21,1.121,2.739776e+21,43.382668,478,1157.047,649.287842,-0.00062865,0.168,15.392,-0.34978637,-0.00172648,91.876,16.45,18.888,94.326,28.714,7154
2025.07.11_12:24:00_TAI,13455,0,MISSING,0,0,46.319,827814100000.0,167067900000.0,1.388728e+21,0.472,2.794959e+21,43.381458,478,1166.611,637.652954,0.00026177,0.055,15.617,-0.17035526,0.00072504,89.118,16.476,18.921,91.781,27.506,7026
2025.07.11_12:36:00_TAI,13455,0,MISSING,0,0,45.97,812477500000.0,225704400000.0,1.358908e+21,1.069,2.680722e+21,42.926632,473,1153.456,627.019226,-0.00061086,0.114,15.313,-0.18451312,-0.00166595,90.922,16.519,18.902,93.408,28.415,6909
2025.07.11_12:48:00_TAI,13455,0,MISSING,0,0,46.044,822118000000.0,187128000000.0,1.358568e+21,0.607,2.680812e+21,42.199394,465,1152.836,615.748108,0.00034647,0.0,15.349,-0.19659682,0.00094686,91.595,16.652,18.739,93.96,27.559,6785
2025.07.11_13:00:00_TAI,13455,0,MISSING,0,0,45.302,793506400000.0,224020700000.0,1.295892e+21,2.05,2.610601e+21,43.377907,478,1189.201,605.566467,0.00124015,0.0,15.353,-0.24931702,0.00332993,93.008,17.009,18.937,95.332,29.17,6673
2025.07.11_13:12:00_TAI,13455,0,MISSING,0,0,46.867,833059000000.0,189942100000.0,1.313947e+21,1.151,2.590753e+21,39.111576,431,1144.837,593.751831,0.0006752,0.0,15.425,-0.20506935,0.00186553,93.619,16.886,18.769,95.976,28.451,6543
2025.07.11_13:24:00_TAI,13455,0,MISSING,0,0,45.946,819856400000.0,192754900000.0,1.246858e+21,1.773,2.417218e+21,37.658688,415,1115.278,579.853027,0.00108646,0.0,15.316,-0.21729362,0.00305689,93.015,16.671,18.667,95.131,27.875,6390
2025.07.11_13:36:00_TAI,13455,0,MISSING,0,0,41.395,728963100000.0,285813000000.0,1.148839e+21,3.191,2.24382e+21,36.840771,406,1139.29,569.035645,0.00215175,0.0,15.144,-0.35458097,0.00589201,95.324,16.418,18.655,97.581,27.989,6271
2025.07.11_13:48:00_TAI,13455,0,MISSING,0,0,42.001,722198700000.0,82022170000.0,1.080193e+21,1.503,2.237599e+21,35.478481,391,1236.157,551.141418,0.00110257,0.0,15.389,-0.11071909,0.00288089,98.354,16.148,18.926,100.443,28.724,6074
2025.07.11_14:00:00_TAI,13455,0,MISSING,0,0,39.898,698237500000.0,165533200000.0,1.090795e+21,3.186,2.204379e+21,34.570095,381,1194.149,544.048035,0.00229191,0.0,15.303,-0.21911395,0.00611645,94.846,16.277,18.784,97.117,28.624,5996
2025.07.11_14:12:00_TAI,13455,0,MISSING,0,0,38.899,679610800000.0,83173330000.0,1.065158e+21,1.124,2.20478e+21,33.843239,373,1239.858,543.941589,0.0008393,0.075,15.339,-0.11429201,0.00218337,95.61,16.081,18.943,97.906,29.945,5995
2025.07.11_14:24:00_TAI,13455,0,MISSING,0,0,37.459,680650400000.0,264823700000.0,1.049464e+21,0.143,2.156312e+21,33.025833,364,1204.506,544.654053,0.00010593,0.371,15.677,-0.36148623,0.00028523,95.093,15.899,19.24,97.368,29.398,6003
2025.07.11_14:36:00_TAI,13455,0,MISSING,0,0,39.78,711304300000.0,187909400000.0,1.100317e+21,0.905,2.220138e+21,35.020771,386,1186.468,545.090149,0.0006423,0.0,15.285,-0.24539994,0.00173176,96.859,15.87,19.147,98.905,29.38,6008
2025.07.11_14:48:00_TAI,13455,0,MISSING,0,0,39.007,693481200000.0,191070200000.0,1.063931e+21,0.624,2.157227e+21,34.566174,381,1203.232,541.808838,0.00046247,0.0,15.357,-0.26044035,0.0012271,97.623,15.724,18.952,99.684,29.613,5972
2025.07.11_15:00:00_TAI,13455,0,MISSING,0,0,36.658,652247600000.0,196518200000.0,1.031075e+21,1.195,2.105711e+21,32.025002,353,1211.286,537.802307,0.00091326,0.076,15.384,-0.27626389,0.00242654,96.512,15.484,18.962,98.696,29.384,5928
2025.07.11_15:12:00_TAI,13455,0,MISSING,0,0,37.924,671287500000.0,313743100000.0,1.056855e+21,2.566,2.289122e+21,31.479826,347,1273.027,535.066284,0.00189521,0.0,15.984,-0.42641085,0.00511738,94.954,15.08,19.188,96.873,28.098,5898
2025.07.11_15:24:00_TAI,13455,0,MISSING,0,0,35.545,642813700000.0,373226300000.0,1.02608e+21,0.172,2.209453e+21,28.213171,311,1245.276,532.784424,0.00012853,0.0,16.237,-0.51410252,0.00035832,92.559,14.824,19.414,94.161,27.39,5873
2025.07.11_15:36:00_TAI,13455,0,MISSING,0,0,35.04,632885100000.0,344299900000.0,9.922723e+20,2.423,2.094382e+21,27.940199,308,1219.676,527.507324,0.0018738,0.0,16.158,-0.49004197,0.00524035,90.016,14.815,19.46,91.741,27.272,5815
2025.07.11_15:48:00_TAI,13455,0,MISSING,0,0,34.603,630482600000.0,358850800000.0,1.025732e+21,2.044,2.204007e+21,28.393078,313,1226.598,523.049438,0.00151061,0.0,16.393,-0.48811439,0.00434343,85.946,14.739,19.487,87.323,26.512,5766
2025.07.11_16:00:00_TAI,13455,0,MISSING,0,0,35.883,664923000000.0,134391400000.0,1.032135e+21,1.398,2.337603e+21,27.75732,306,1281.999,518.318054,0.00101834,0.0,16.799,-0.18014272,0.00297836,89.07,14.579,20.027,90.41,26.967,5714
2025.07.11_16:12:00_TAI,13455,0,MISSING,0,0,33.925,608608800000.0,394027200000.0,9.938796e+20,2.023,2.219016e+21,26.486774,292,1290.262,512.047424,0.00156198,0.0,16.59,-0.55999255,0.00440801,87.039,14.234,19.697,88.617,26.14,5645
2025.07.11_16:48:00_TAI,13455,0,MISSING,0,0,36.942,678897800000.0,327861600000.0,1.016084e+21,4.456,2.344424e+21,24.036064,265,1312.505,509.655273,0.00331298,0.0,16.927,-0.44866371,0.0096,86.348,13.917,19.71,87.785,26.361,5619
2025.07.11_17:36:00_TAI,13455,0,MISSING,0,0,31.168,593188100000.0,326865200000.0,9.792134e+20,4.538,2.081211e+21,22.583237,249,1187.215,498.554413,0.00343775,0.0,16.636,-0.2801719,0.01040283,78.65,13.452,19.494,80.547,25.064,5497
